{"loss": [0.3329336941242218, 0.15634192526340485, 0.12419048696756363, 0.10413923114538193, 0.09228591620922089, 0.08622531592845917, 0.07883648574352264, 0.07113497704267502, 0.06930480152368546, 0.06449876725673676, 0.06256984174251556, 0.05868511274456978, 0.057632654905319214, 0.05356954038143158, 0.052896738052368164, 0.051081735640764236, 0.04694192856550217, 0.04509999230504036, 0.04606834053993225, 0.04193203151226044], "accuracy": [0.9063833355903625, 0.9542333483695984, 0.9629999995231628, 0.968833327293396, 0.9721666574478149, 0.9737666845321655, 0.9763166904449463, 0.9779499769210815, 0.9787499904632568, 0.9797000288963318, 0.9803500175476074, 0.9818000197410583, 0.9821833372116089, 0.9837166666984558, 0.9837666749954224, 0.9842000007629395, 0.984749972820282, 0.9857000112533569, 0.9858333468437195, 0.9864000082015991], "val_loss": [0.14923885464668274, 0.10096821933984756, 0.08714050054550171, 0.09504944086074829, 0.09236389398574829, 0.08852759748697281, 0.08605270087718964, 0.07962938398122787, 0.07925043255090714, 0.08188435435295105, 0.08406294882297516, 0.09039328247308731, 0.08154595643281937, 0.08477281779050827, 0.07845232635736465, 0.08052834123373032, 0.08181226253509521, 0.08865021169185638, 0.09210724383592606, 0.085817351937294], "val_accuracy": [0.9571999907493591, 0.9693999886512756, 0.9733999967575073, 0.9715999960899353, 0.972599983215332, 0.9739999771118164, 0.9761000275611877, 0.9771000146865845, 0.9779999852180481, 0.9758999943733215, 0.9772999882698059, 0.9758999943733215, 0.9768999814987183, 0.9775000214576721, 0.9765999913215637, 0.9787999987602234, 0.9785000085830688, 0.9758999943733215, 0.9760000109672546, 0.9776999950408936]}