{"loss": [0.4519699513912201, 0.36254996061325073, 0.33252769708633423, 0.3143519461154938, 0.2965564429759979, 0.28078562021255493, 0.2682551443576813, 0.25818490982055664, 0.25170496106147766, 0.23984503746032715, 0.23156867921352386, 0.22391635179519653, 0.21704943478107452, 0.2095630168914795, 0.20357397198677063, 0.2019757330417633, 0.19451873004436493], "accuracy": [0.8385999798774719, 0.8686833381652832, 0.8788166642189026, 0.8841999769210815, 0.8901333212852478, 0.8952999711036682, 0.9004999995231628, 0.9042666554450989, 0.9069166779518127, 0.9101166725158691, 0.9131166934967041, 0.9146999716758728, 0.9186333417892456, 0.9209166765213013, 0.9227666854858398, 0.9239500164985657, 0.927566647529602], "val_loss": [0.39257562160491943, 0.4752008318901062, 0.4214189052581787, 0.41385507583618164, 0.46624672412872314, 0.3644977807998657, 0.35225969552993774, 0.3632541298866272, 0.3972177803516388, 0.3598887324333191, 0.373986154794693, 0.338778018951416, 0.34942230582237244, 0.34515854716300964, 0.3862934708595276, 0.35257968306541443, 0.3611857295036316], "val_accuracy": [0.8597000241279602, 0.8274000287055969, 0.8478000164031982, 0.8432999849319458, 0.8395000100135803, 0.8669999837875366, 0.8752999901771545, 0.8726000189781189, 0.8610000014305115, 0.8682000041007996, 0.8787000179290771, 0.8827999830245972, 0.8794000148773193, 0.8827000260353088, 0.8684999942779541, 0.8809000253677368, 0.8769999742507935]}