{"loss": [0.266399085521698, 0.12695497274398804, 0.09339183568954468, 0.07482589036226273, 0.0629444569349289, 0.053996503353118896, 0.047544609755277634, 0.0425223633646965, 0.037406954914331436, 0.03222185745835304, 0.028905777260661125, 0.026508277282118797, 0.0241007711738348, 0.02087412402033806, 0.018305007368326187, 0.016230501234531403, 0.014975628815591335, 0.013177221640944481, 0.011187773197889328, 0.009879273362457752], "accuracy": [0.9244833588600159, 0.9627666473388672, 0.9728999733924866, 0.9782666563987732, 0.9815999865531921, 0.9841166734695435, 0.98621666431427, 0.9878666400909424, 0.989549994468689, 0.9906333088874817, 0.9917166829109192, 0.9925666451454163, 0.9931833148002625, 0.9942333102226257, 0.9945666790008545, 0.9956333041191101, 0.9955833554267883, 0.996566653251648, 0.9968666434288025, 0.9972333312034607], "val_loss": [0.14960892498493195, 0.1108381450176239, 0.10329825431108475, 0.09553711861371994, 0.09693240374326706, 0.09301474690437317, 0.09895102679729462, 0.09865348786115646, 0.09263581037521362, 0.10396406054496765, 0.09310401976108551, 0.10109793394804001, 0.11676722764968872, 0.1042560562491417, 0.10781648010015488, 0.11097677052021027, 0.10748071223497391, 0.1044461578130722, 0.1157485842704773, 0.11882998049259186], "val_accuracy": [0.9573000073432922, 0.967199981212616, 0.9695000052452087, 0.9735000133514404, 0.9726999998092651, 0.9735999703407288, 0.9732000231742859, 0.9742000102996826, 0.9761000275611877, 0.9740999937057495, 0.9768000245094299, 0.9758999943733215, 0.9733999967575073, 0.9771000146865845, 0.9764000177383423, 0.9768000245094299, 0.9764999747276306, 0.9778000116348267, 0.9761999845504761, 0.9754999876022339]}