{"loss": [0.4493240416049957, 0.29981711506843567, 0.2565121352672577, 0.22907082736492157, 0.20794564485549927, 0.18977195024490356, 0.17359411716461182, 0.15883058309555054, 0.1456700712442398, 0.13138025999069214, 0.12053412944078445, 0.108481265604496, 0.09758695960044861, 0.08989399671554565, 0.07994585484266281], "accuracy": [0.8419166803359985, 0.8931000232696533, 0.907800018787384, 0.9161333441734314, 0.923883318901062, 0.9308500289916992, 0.9363999962806702, 0.9407333135604858, 0.9465500116348267, 0.9523166418075562, 0.9570666551589966, 0.960266649723053, 0.9650499820709229, 0.9674333333969116, 0.9708999991416931], "val_loss": [0.3425057828426361, 0.30447426438331604, 0.2758811414241791, 0.27138856053352356, 0.26061612367630005, 0.2583024799823761, 0.26787957549095154, 0.26528409123420715, 0.2658695578575134, 0.257325142621994, 0.2576085329055786, 0.28539907932281494, 0.29676350951194763, 0.30267632007598877, 0.2986820936203003], "val_accuracy": [0.8795999884605408, 0.8870000243186951, 0.9014000296592712, 0.8984000086784363, 0.9050999879837036, 0.9089000225067139, 0.9041000008583069, 0.9077000021934509, 0.9043999910354614, 0.9150999784469604, 0.9136999845504761, 0.9104999899864197, 0.9121000170707703, 0.9121999740600586, 0.9138000011444092]}