{"loss": [1.9897150993347168, 1.8052599430084229, 1.760990023612976, 1.7271602153778076, 1.695936679840088, 1.6830143928527832, 1.6583818197250366, 1.6493996381759644, 1.6376639604568481, 1.6219831705093384, 1.6118841171264648, 1.5981545448303223, 1.5958253145217896, 1.5890281200408936, 1.5851504802703857, 1.5748703479766846, 1.5703562498092651, 1.5659525394439697, 1.5660467147827148, 1.5533503293991089, 1.5455721616744995, 1.5469462871551514, 1.5350682735443115, 1.5331698656082153, 1.5260567665100098, 1.527772307395935, 1.5192409753799438, 1.5207321643829346, 1.5114420652389526], "accuracy": [0.2983599901199341, 0.3504199981689453, 0.3700200021266937, 0.38335999846458435, 0.3966200053691864, 0.39899998903274536, 0.4078400135040283, 0.4109799861907959, 0.4158399999141693, 0.4229600131511688, 0.42427998781204224, 0.4302600026130676, 0.4280399978160858, 0.4315199851989746, 0.43435999751091003, 0.4370799958705902, 0.44102001190185547, 0.4400399923324585, 0.43799999356269836, 0.44435998797416687, 0.4477199912071228, 0.4458799958229065, 0.44986000657081604, 0.45201998949050903, 0.4538800120353699, 0.45396000146865845, 0.4559600055217743, 0.45438000559806824, 0.4584600031375885], "val_loss": [1.7917391061782837, 1.70746910572052, 1.6746572256088257, 1.6379759311676025, 1.617690920829773, 1.5957973003387451, 1.5707502365112305, 1.5701459646224976, 1.5506324768066406, 1.5382746458053589, 1.598005771636963, 1.571106195449829, 1.5367810726165771, 1.5323486328125, 1.5214927196502686, 1.543296456336975, 1.5260294675827026, 1.5132147073745728, 1.5118999481201172, 1.5057440996170044, 1.501927375793457, 1.5084704160690308, 1.5152819156646729, 1.4908567667007446, 1.5184426307678223, 1.5016682147979736, 1.5111958980560303, 1.498106598854065, 1.5033296346664429], "val_accuracy": [0.35440000891685486, 0.3917999863624573, 0.4165000021457672, 0.42080000042915344, 0.4302000105381012, 0.42989999055862427, 0.44670000672340393, 0.4413999915122986, 0.45249998569488525, 0.462799996137619, 0.43380001187324524, 0.4316999912261963, 0.45320001244544983, 0.4537000060081482, 0.4586000144481659, 0.451200008392334, 0.4602999985218048, 0.4569999873638153, 0.4596000015735626, 0.4683000147342682, 0.46369999647140503, 0.46230000257492065, 0.4593999981880188, 0.46799999475479126, 0.4571000039577484, 0.4641999900341034, 0.4643999934196472, 0.46889999508857727, 0.46399998664855957]}