{"loss": [0.15484273433685303, 0.050949834287166595, 0.033922791481018066, 0.024080738425254822, 0.01653725653886795, 0.012188094668090343, 0.00827733799815178, 0.006326578091830015, 0.003907488193362951, 0.0031902112532407045, 0.002099130069836974, 0.0015504558105021715, 0.001229569548740983, 0.001024111406877637, 0.0005790464929305017, 0.0003503212647046894, 6.230625149328262e-05, 5.390703154262155e-05, 0.00017671599925961345, 5.7765241763263475e-06], "accuracy": [0.9537166953086853, 0.9849666953086853, 0.9899500012397766, 0.9926666617393494, 0.9949666857719421, 0.9965000152587891, 0.9976333379745483, 0.9981333613395691, 0.9991499781608582, 0.9991833567619324, 0.9994999766349792, 0.9996166825294495, 0.9997333288192749, 0.9996833205223083, 0.9998499751091003, 0.9998666644096375, 1.0, 0.9999833106994629, 0.9999499917030334, 1.0], "val_loss": [0.0643404945731163, 0.04644966125488281, 0.04711122438311577, 0.04939800128340721, 0.04884815588593483, 0.05128234997391701, 0.04701435565948486, 0.052563220262527466, 0.05487426742911339, 0.05689038708806038, 0.05816493555903435, 0.06258179247379303, 0.06561635434627533, 0.07401161640882492, 0.08250260353088379, 0.07037530094385147, 0.07007386535406113, 0.07582486420869827, 0.0739172101020813, 0.07531721144914627], "val_accuracy": [0.9785000085830688, 0.9842000007629395, 0.9847999811172485, 0.9854000210762024, 0.9866999983787537, 0.9858999848365784, 0.9872000217437744, 0.9866999983787537, 0.9879999756813049, 0.9878000020980835, 0.988099992275238, 0.9879999756813049, 0.9871000051498413, 0.9879000186920166, 0.9871000051498413, 0.9876999855041504, 0.9886999726295471, 0.9891999959945679, 0.989300012588501, 0.9891999959945679]}