{"loss": [0.5460969805717468, 0.3964024782180786, 0.36259955167770386, 0.34485796093940735, 0.3229953646659851, 0.30183902382850647, 0.2909420430660248, 0.28424304723739624, 0.27765360474586487, 0.2655947506427765, 0.2579260766506195, 0.24815843999385834, 0.2405797243118286, 0.2365170568227768, 0.23326314985752106, 0.22491039335727692, 0.22176730632781982, 0.21397000551223755, 0.2081070840358734, 0.2050759345293045], "accuracy": [0.8172666430473328, 0.8571166396141052, 0.8687666654586792, 0.8739833235740662, 0.8816499710083008, 0.8888833522796631, 0.8931999802589417, 0.8960333466529846, 0.8972166776657104, 0.9017500281333923, 0.9044333100318909, 0.9072499871253967, 0.9112499952316284, 0.9110666513442993, 0.9129499793052673, 0.9173166751861572, 0.9168499708175659, 0.9204833507537842, 0.92166668176651, 0.9236500263214111], "val_loss": [0.5045276880264282, 0.4197983741760254, 0.42395755648612976, 0.4188023805618286, 0.3756227195262909, 0.3537279963493347, 0.37948259711265564, 0.3575841188430786, 0.3572739362716675, 0.39683404564857483, 0.345223069190979, 0.35853081941604614, 0.364638090133667, 0.3522103428840637, 0.335766077041626, 0.3638952374458313, 0.35955289006233215, 0.3405948877334595, 0.3473223149776459, 0.34753450751304626], "val_accuracy": [0.8203999996185303, 0.8479999899864197, 0.847599983215332, 0.8489000201225281, 0.8633999824523926, 0.8718000054359436, 0.8574000000953674, 0.8712000250816345, 0.8686000108718872, 0.8557999730110168, 0.8725000023841858, 0.8716999888420105, 0.8720999956130981, 0.875, 0.8844000101089478, 0.8765000104904175, 0.8756999969482422, 0.8805000185966492, 0.878000020980835, 0.8802000284194946]}