{"loss": [1.8286908864974976, 1.615099549293518, 1.5363777875900269, 1.4791390895843506, 1.4396743774414062, 1.3947385549545288, 1.36764395236969, 1.3310115337371826, 1.3020777702331543, 1.278232455253601, 1.257684588432312, 1.2396833896636963, 1.2218691110610962, 1.1982128620147705, 1.186772108078003, 1.164396047592163, 1.1562217473983765, 1.140891194343567, 1.135378122329712, 1.114537000656128, 1.1031054258346558], "accuracy": [0.3567799925804138, 0.42364001274108887, 0.45190000534057617, 0.47325998544692993, 0.48598000407218933, 0.5050399899482727, 0.5135200023651123, 0.5265799760818481, 0.5381600260734558, 0.5472599864006042, 0.5551000237464905, 0.5609599947929382, 0.5659800171852112, 0.573419988155365, 0.57669997215271, 0.5857800245285034, 0.5884400010108948, 0.5950400233268738, 0.5946999788284302, 0.6007199883460999, 0.6081799864768982], "val_loss": [2.0081517696380615, 1.980207085609436, 1.6588975191116333, 1.61609947681427, 1.4954047203063965, 1.5582927465438843, 1.520688533782959, 1.482863187789917, 1.4824844598770142, 1.439254879951477, 1.4779530763626099, 1.492624044418335, 1.4253170490264893, 1.424477219581604, 1.3958656787872314, 1.3914090394973755, 1.4369512796401978, 1.4737070798873901, 1.4087574481964111, 1.423555850982666, 1.4081436395645142], "val_accuracy": [0.2856999933719635, 0.3165999948978424, 0.40869998931884766, 0.42149999737739563, 0.4648999869823456, 0.4465000033378601, 0.4625999927520752, 0.48420000076293945, 0.47530001401901245, 0.48649999499320984, 0.48350000381469727, 0.4706000089645386, 0.49059998989105225, 0.49900001287460327, 0.5058000087738037, 0.5171999931335449, 0.49149999022483826, 0.48890000581741333, 0.505299985408783, 0.503000020980835, 0.5163999795913696]}