{"loss": [1.527784824371338, 1.0730687379837036, 0.8914350867271423, 0.7827684283256531, 0.7098467350006104, 0.6479163765907288, 0.5957515835762024, 0.5569186210632324, 0.5188970565795898, 0.48130857944488525, 0.458656907081604, 0.43251562118530273, 0.41156479716300964, 0.38702020049095154, 0.3723209500312805, 0.349695086479187, 0.3362477719783783, 0.32894793152809143, 0.30905434489250183, 0.30160602927207947, 0.28133541345596313, 0.2762679159641266, 0.2740650177001953], "accuracy": [0.4472599923610687, 0.6185600161552429, 0.6879000067710876, 0.7292600274085999, 0.7566199898719788, 0.7775400280952454, 0.7950199842453003, 0.8089200258255005, 0.8212800025939941, 0.8335599899291992, 0.8412200212478638, 0.8496999740600586, 0.8580600023269653, 0.8638399839401245, 0.8714600205421448, 0.8774999976158142, 0.8831400275230408, 0.8851000070571899, 0.8931800127029419, 0.8959400057792664, 0.9009799957275391, 0.9035599827766418, 0.9049199819564819], "val_loss": [1.1924983263015747, 0.9363701939582825, 0.8698115944862366, 0.7274361848831177, 0.7290573120117188, 0.722459614276886, 0.611974835395813, 0.6017116904258728, 0.5744922161102295, 0.6158979535102844, 0.5454645752906799, 0.5399965643882751, 0.5164517760276794, 0.5763676762580872, 0.5407899618148804, 0.5894201993942261, 0.5289088487625122, 0.4906185567378998, 0.5361945033073425, 0.5352193117141724, 0.5085591077804565, 0.5175304412841797, 0.531968355178833], "val_accuracy": [0.5809999704360962, 0.67330002784729, 0.6948000192642212, 0.7501000165939331, 0.7512000203132629, 0.7530999779701233, 0.7897999882698059, 0.7996000051498413, 0.8075000047683716, 0.7989000082015991, 0.8273000121116638, 0.8230000138282776, 0.8310999870300293, 0.8165000081062317, 0.8241999745368958, 0.8155999779701233, 0.8374999761581421, 0.843500018119812, 0.8406000137329102, 0.8421000242233276, 0.8446999788284302, 0.8492000102996826, 0.8414000272750854]}